uuid,Void/Retire,Same as mappings,Fully specified name:es,Fully specified name:en,Data class,Data type,_version:1,_order:1000
dec45b46-2823-4586-8c08-32175cf3b5cf,,SES Lab:Sample_set,,6lab sample set,ConvSet,N/A,,
73515244-030d-4bcb-af0a-710bd2efe1a3,,SES Lab:SAMPLE_Sputum,Esputo,Sputum,Specimen,N/A,,
a7767a8d-731f-40e5-b641-dfcbbcce8ddd,,SES Lab:SAMPLE_Blood,Sangre,Blood,Specimen,N/A,,
67669d6a-c953-4837-87ab-6dfcd374fbdd,,SES Lab:SAMPLE_Feces,Heces,Feces,Specimen,N/A,,
7fd4827f-5189-4443-a210-ab372b9499ab,,SES Lab:SAMPLE_Nasopharyngeal swab,Hisopado Nasofaríngeo,Nasopharyngeal swab,Specimen,N/A,,
b2b03cab-1a8a-40c5-9893-0939ccaaadfe,,SES Lab:SAMPLE_Gastric Aspirate,Aspirado Gástrico,Gastric Aspirate,Specimen,N/A,,
63915a6f-0bf9-4a30-b87c-67dcb9dfc973,,SES Lab:SAMPLE_Urine,Orina,Urine,Specimen,N/A,,
2addb66a-7351-4a58-90e5-26b8a543943b,,SES Lab:SAMPLE_String,Cuerda,String,Specimen,N/A,,
c0262f9b-eafa-46df-93ca-c40cd0dc0f0f,,SES Lab:SAMPLE_Pleural fluid,Liquido Pleural,Pleural fluid,Specimen,N/A,,
5414168c-8470-487e-a26e-76b969eabd63,,SES Lab:SAMPLE_Bronchoalveolar lavage,Lavado Broncoalveolar,Bronchoalveolar lavage,Specimen,N/A,,
55f1abae-b726-4024-b868-0059e7ca7127,,SES Lab:SAMPLE_Bronchoalveolar liquid,Liquido Broncoalveolar,Bronchoalveolar liquid,Specimen,N/A,,
b6ed853d-260a-4f67-bad9-9f371b71e968,,SES Lab:SAMPLE_Bronchial discharge,Secreción Bronquial,Bronchial discharge,Specimen,N/A,,
1dfdf6d6-4749-4fdc-8f83-42e6887173dd,,SES Lab:SAMPLE_Cerebrospinal fluid,Liquido Cefalorraquídeo,Cerebrospinal fluid,Specimen,N/A,,
d01517b9-239f-4994-baa6-d4b9360b71cb,,SES Lab:SAMPLE_Bronchoalveolar aspirate,Aspirado Broncoalveolar,Bronchoalveolar aspirate,Specimen,N/A,,
7d783507-a2a8-4411-aaca-b0fe36c0f344,,SES Lab:SAMPLE_Pericardial Fluid,Liquido Pericárdico,Pericardial Fluid,Specimen,N/A,,
fe7103af-17c9-4fc5-a12a-ff0fb3a4971c,,SES Lab:SAMPLE_Ascitic fluid,Liquido Ascítico,Ascitic fluid,Specimen,N/A,,
4c6d28df-0b60-4947-a053-fdcbebe68afb,,SES Lab:SAMPLE_Lymph Node Biopsy,Biopsia Ganglionar,Lymph Node Biopsy,Specimen,N/A,,
100f8a4c-b8bc-4917-9647-e86d044d4f36,,SES Lab:SAMPLE_Bronchial aspirate,Aspirado Bronquial,Bronchial aspirate,Specimen,N/A,,
0b6f8714-6cd5-4da7-b89b-5649d6855259,,SES Lab:SAMPLE_Plasma,Plasma,Plasma,Specimen,N/A,,
0017777a-201e-4e73-8702-e7176242f428,,SES Lab:SAMPLE_Globular package,Paquete globular,Globular package,Specimen,N/A,,
b701e504-5c47-4804-93bd-d912ce29af8d,,SES Lab:SAMPLE_Partitioned Pleural Collection,Colección Pleural Tabicada,Partitioned Pleural Collection,Specimen,N/A,,
adf698dc-2a07-4b2b-9305-693eeaae0919,,SES Lab:SAMPLE_MTB Isolation at MGIT,Aislamiento de MTB en MGIT,MTB Isolation at MGIT,Specimen,N/A,,
c45a0e72-5466-4508-a9a0-81470cda3c02,,SES Lab:SAMPLE_Osifluent abscess of PSOAS,Absceso Osifluente del PSOAS,Osifluent abscess of PSOAS,Specimen,N/A,,
89ade854-646b-4595-bc9d-e61caa62dae1,,SES Lab:SAMPLE_Buccal swab,Hisopado Bucal,Buccal swab,Specimen,N/A,,
c6759b82-3c8b-49e8-8be7-734b2fb5aaa2,,SES Lab:SAMPLE_Vertebra abscess,Absceso de Vértebra,Vertebra abscess,Specimen,N/A,,
9a2ad64f-6124-4bed-b067-04a73bc8f4cd,,SES Lab:SAMPLE_Soft tissue abscess,Absceso de partes blandas,Soft tissue abscess,Specimen,N/A,,
a44c40ed-0a64-4362-8408-4c2df5d6dca1,,SES Lab:SAMPLE_Intestinal Ileon Tissue,Tejido Intestinal de Ileon,Intestinal Ileon Tissue,Specimen,N/A,,
2ec36132-a86e-4c28-a135-6d60fca61501,,SES Lab:SAMPLE_Colon Intestinal Tissue,Tejido Intestinal de Colon,Colon Intestinal Tissue,Specimen,N/A,,
0bbf8eaa-54cf-4d2e-8871-0ea8876b1150,,SES Lab:SAMPLE_Serum,Suero,Serum,Specimen,N/A,,
27b9eb31-6c54-4079-8079-c5ddc133fe75,,SES Lab:SAMPLE_Whole blood,Sangre Total,Whole blood,Specimen,N/A,,
e34890ad-1f24-4a01-be4d-a2eb67f7999d,,SES Lab:SAMPLE_PBMC,PBMC,PBMC,Specimen,N/A,,
293f1d09-2a8a-4dc9-b4e3-d2fb854b92ff,,SES Lab:SAMPLE_MTB isolation in LJ,Aislamiento de MTB en LJ,MTB isolation in LJ,Specimen,N/A,,
f3898342-c973-485e-897a-0ec5f9d8a861,,SES Lab:SAMPLE_Plasma + DPBS,Plasma + DPBS,Plasma + DPBS,Specimen,N/A,,
12cccded-fd0b-429f-9902-fca34fc54d94,,SES Lab:SAMPLE_Dried blood stain,Mancha seca de sangre,Dried blood stain,Specimen,N/A,,
dc6189b6-fa9b-4b36-9bf2-bfe10a0c24f2,,SES Lab:SAMPLE_Hip wound discharge,Secreción de herida de cadera,Hip wound discharge,Specimen,N/A,,
768a8499-4874-4858-bf79-4ca5bd2a4d63,,SES Lab:SAMPLE_Insulation from LJ + OMN,Aislamiento a partir de LJ+OMN,Insulation from LJ + OMN,Specimen,N/A,,
16bb1e21-717d-4570-a69d-df12d885d1d9,,SES Lab:SAMPLE_Insulation from LJ,Aislamiento a partir de LJ,Insulation from LJ,Specimen,N/A,,
5cf768ca-86ab-4b66-aa87-fa9f8e2859fa,,SES Lab:SAMPLE_Isolation from LJ in Caldo Dubos,Aislamiento a partir de LJ en Caldo Dubos,Isolation from LJ in Caldo Dubos,Specimen,N/A,,
fe312c78-1394-4d41-9d3f-45e1319d5a01,,SES Lab:SAMPLE_Isolation from LJ in Ethanol,Aislamiento a partir de LJ en Etanol,Isolation from LJ in Ethanol,Specimen,N/A,,
5dad18f8-af3a-40a0-852f-10eaf5397e0d,,SES Lab:SAMPLE_Isolation from LJ in 7H9 medium,Aislamiento a partir de LJ en medio 7H9,Isolation from LJ in 7H9 medium,Specimen,N/A,,
a6fd7ad8-b892-410e-b966-42df37467a80,,SES Lab:SAMPLE_Biopsy,Biopsia,Biopsy,Specimen,N/A,,
961773a8-e05a-45fc-8355-5f1128d08f78,,SES Lab:SAMPLE_Abscess,Absceso,Abscess,Specimen,N/A,,
adbc832e-9802-4ad2-8f87-5f7c518a1446,,SES Lab:SAMPLE_Decontaminated sputum,Esputo Descontaminado,Decontaminated sputum,Specimen,N/A,,
c638df9f-357a-44b1-8161-e40a63325a09,,SES Lab:SAMPLE_Decontaminated Gastric Aspirate,Aspirado Gastrico Descontaminado,Decontaminated Gastric Aspirate,Specimen,N/A,,
3fc79647-3544-4493-85b5-e5bb9a2e4e0f,,SES Lab:SAMPLE_Pilot Molzym,Piloto Molzym,Pilot Molzym,Specimen,N/A,,
f572713f-24d9-4b33-8502-0ffa1e886c1e,,SES Lab:SAMPLE_Raw sputum + RNA,Esputo crudo+ARN,Raw sputum + RNA,Specimen,N/A,,
a0fc738f-6b7a-4c21-9bac-f99951cc78f6,,SES Lab:SAMPLE_Tracheal Aspirate,Aspirado Traqueal,Tracheal Aspirate,Specimen,N/A,,
9bee17a8-4438-4c75-abdf-b9d1efec14a7,,SES Lab:SAMPLE_Whole blood + RNA,Sangre total + RNA,Whole blood + RNA,Specimen,N/A,,
e56b6fd5-1955-49a2-b93c-2ea6ae37e23e,,SES Lab:SAMPLE_Peritoneal fluid,Líquido Peritoneal,Peritoneal fluid,Specimen,N/A,,
12df73f7-d362-48b8-a8a4-162c441cc0d9,,SES Lab:SAMPLE_Crude Peritoneal Fluid,Liquido Peritoneal crudo,Crude Peritoneal Fluid,Specimen,N/A,,
7941c18f-7f57-446c-8812-ca1ca2175092,,SES Lab:SAMPLE_Peritoneal Liquid Sediment,Sedimento Líquido Peritoneal,Peritoneal Liquid Sediment,Specimen,N/A,,
4c45134e-8a39-4de5-9f46-d9f4487ec070,,SES Lab:SAMPLE_Peritoneal Liquid DNA,ADN Líquido Peritoneal,Peritoneal Liquid DNA,Specimen,N/A,,
fe9b668e-c360-4d6a-87b0-d1cf99bbe3bd,,SES Lab:SAMPLE_Ulcer,Ulcera,Ulcer,Specimen,N/A,,
39fd0c8f-1390-4019-b903-e885ab3bce75,,SES Lab:SAMPLE_Skin Biopsy,Biopsia de Piel,Skin Biopsy,Specimen,N/A,,
0a408fd4-8802-442f-bbde-c3cb55652cb4,,SES Lab:SAMPLE_Plasma from HbA1c,Plasma procedente de HbA1c,Plasma from HbA1c,Specimen,N/A,,
25875692-a03d-4149-84ff-cad7c7345cdf,,SES Lab:SAMPLE_Plasma from IGRA,Plasma procedente de IGRA,Plasma from IGRA,Specimen,N/A,,
7bf68f75-1b68-4291-8372-cc2fc42b89e6,,SES Lab:SAMPLE_Whole blood from HbA1c,Sangre total procedente de HbA1c,Whole blood from HbA1c,Specimen,N/A,,
b30d1b8a-3e93-4da3-9993-5678e2b21af2,,SES Lab:SAMPLE_Whole blood from IGRA,Sangre total procedente de IGRA,Whole blood from IGRA,Specimen,N/A,,
a1347e5d-1089-4d4f-98ce-939ea8be69e0,,SES Lab:SAMPLE_Uterine tube,Trompa Uterina,Uterine tube,Specimen,N/A,,
82a7d503-7072-4a52-92c5-c979f4b7bfe2,,SES Lab:SAMPLE_Breast discharge,Secrecion Mamaria,Breast discharge,Specimen,N/A,,
b437605c-f516-404f-8e3d-6ce956b94c4a,,SES Lab:SAMPLE_Vitreous Humor,Humor Vítreo,Vitreous Humor,Specimen,N/A,,
4dac6010-a2c3-4cca-9191-f47953e36026,,SES Lab:SAMPLE_Bronchial brushing,Cepillado Bronquial,Bronchial brushing,Specimen,N/A,,
67afabfd-fcae-4e9d-8eea-72f158d4784f,,SES Lab:SAMPLE_Breast biopsy,Biopsia de mama,Breast biopsy,Specimen,N/A,,
47f97200-0414-4c4b-8876-ff4b0391fd2d,,SES Lab:SAMPLE_Post Bronchial Aspirate,Post Aspirado Bronquial,Post Bronchial Aspirate,Specimen,N/A,,
318ff7ea-c784-4d98-b4c9-8756a493ea48,,SES Lab:SAMPLE_Breast tissue,Tejido de mama,Breast tissue,Specimen,N/A,,
301b6f2c-88dd-4d1f-8b38-0182bb91e1ef,,SES Lab:SAMPLE_Right breast tissue,Tejido de mama derecho,Right breast tissue,Specimen,N/A,,
226a2b80-ce58-4f47-b416-a797f4c7c136,,SES Lab:SAMPLE_Left breast tissue,Tejido de mama izquierdo,Left breast tissue,Specimen,N/A,,
a495a9c4-c6cc-4278-b26f-409adb6caffd,,SES Lab:SAMPLE_Cold abscess discharge,Secreción absceso frío,Cold abscess discharge,Specimen,N/A,,
7fc435a7-06bb-4ff9-9fb2-a26fb359a5b9,,SES Lab:SAMPLE_Woven bone,Tejido óseo,Woven bone,Specimen,N/A,,
7dd6ef4c-c08e-4313-8e5f-3e3847c42f5b,,SES Lab:SAMPLE_Abscess discharge,Secreción absceso,Abscess discharge,Specimen,N/A,,
6e4709de-f8b2-4b94-8351-5bed4d638d8b,,SES Lab:SAMPLE_Right breast tumor fragment,Fragmento de tumor de mama derecha,Right breast tumor fragment,Specimen,N/A,,
469e88b9-86b3-4718-a12d-2667d84c0a48,,SES Lab:SAMPLE_Left breast tumor fragment,Fragmento de tumor de mama izquierda,Left breast tumor fragment,Specimen,N/A,,
58df96cd-34d5-42fe-9b1a-29a9a6cd801e,,SES Lab:SAMPLE_Left breast biopsy,Biopsia de mama izquierda,Left breast biopsy,Specimen,N/A,,
85cda345-179d-4214-b846-ae02a35c4fda,,SES Lab:SAMPLE_Right breast biopsy,Biopsia de mama derecha,Right breast biopsy,Specimen,N/A,,
d23f4e4d-8c90-4f6e-81d6-a3e9a7df49bf,,SES Lab:SAMPLE_Spinal biopsy,Biopsia de columna,Spinal biopsy,Specimen,N/A,,
759978b1-3893-4e5f-b928-3188f91901cb,,SES Lab:SAMPLE_Insulation from 7H11,Aislamiento a partir de 7H11,Insulation from 7H11,Specimen,N/A,,
2e4ea052-efc2-4737-a4d7-5c133fc594a7,,SES Lab:SAMPLE_DNA Decontaminated Sputum,ADN Esputo Descontaminado,DNA Decontaminated Sputum,Specimen,N/A,,
c29ed786-90e0-41c5-937a-3b766b51c1a8,,SES Lab:SAMPLE_DNA Isolation of MTB in MGIT,ADN Aislamiento de MTB en MGIT,DNA Isolation of MTB in MGIT,Specimen,N/A,,
26c1e5fe-7081-4847-9b7d-af92174f6626,,SES Lab:SAMPLE_Aspirate injury,Aspirado de lesión,Aspirate injury,Specimen,N/A,,
98ec041e-7aa1-4555-9083-7303482322c5,,SES Lab:SAMPLE_Breastmilk,Leche Materna,Breastmilk,Specimen,N/A,,
93485ea8-d766-465f-a844-b99ab692ce80,,SES Lab:SAMPLE_Isolation from LJ in CPC,Aislamiento a partir de LJ en CPC,Isolation from LJ in CPC,Specimen,N/A,,
c5020146-305e-4630-b953-cb8d90c395d7,,SES Lab:SAMPLE_Vertebral Aspirate,Aspirado Vertebral,Vertebral Aspirate,Specimen,N/A,,
03b9937e-d7c3-42c9-9ce3-e9e9a0cf6e46,,SES Lab:SAMPLE_Bronchial Lavage,Lavado Bronquial,Bronchial Lavage,Specimen,N/A,,
01a19aa4-1dc7-4cbc-a9a8-7fc7b6d998af,,SES Lab:SAMPLE_Post Bronchial Wash,Post Lavado Bronquial,Post Bronchial Wash,Specimen,N/A,,
0d81fdca-e9e8-4a24-b5d9-33949ea46c4c,,SES Lab:SAMPLE_Isolation from MGIT,Aislamiento a partir de MGIT,Isolation from MGIT,Specimen,N/A,,
a6421026-96d9-4a97-a5f8-b48888b68ef8,,SES Lab:SAMPLE_Hip bone marrow,Médula ósea de la cadera,Hip bone marrow,Specimen,N/A,,
cd1c7261-9c90-4382-9c6a-374c4a0e6faa,,SES Lab:SAMPLE_Pleural tissue,Tejido Pleural,Pleural tissue,Specimen,N/A,,
f8470168-b3de-40a2-8e5e-719bf389f451,,SES Lab:SAMPLE_Lymphatic nodule,Nódulo limfático,Lymphatic nodule,Specimen,N/A,,
d86cb63a-c70a-46c7-a955-52475dc9d820,,SES Lab:SAMPLE_Fine needle aspiration puncture,Punción aspiración con aguja fina,Fine needle aspiration puncture,Specimen,N/A,,
8d4a90ca-b791-47c4-b6c9-6be6fc185026,,SES Lab:SAMPLE_Cerebral spinal fluid,Fluido espinal cerebral,Cerebral spinal fluid,Specimen,N/A,,
3a4e697a-6f4f-46c9-9263-6a2549ac2259,,SES Lab:SAMPLE_Secretion,Secreción,Secretion,Specimen,N/A,,
f83d8fb8-0751-4e6b-8a19-800d8bfd5290,,SES Lab:SAMPLE_Pulmonary cavity secretion,Secreción de cavidad pulmonar,Pulmonary cavity secretion,Specimen,N/A,,
edfde8c3-6309-4567-abd7-a0a78dbf318a,,SES Lab:SAMPLE_Endobronchial Lavage,Lavado Endobronquial,Endobronchial Lavage,Specimen,N/A,,
a1ad2be7-ca76-4b19-93c7-8f1ad373dc47,,SES Lab:SAMPLE_PAXgene,PAXgene,PAXgene,Specimen,N/A,,
df064b1a-ca6c-4fc3-8cf1-2e9b643b0ab2,,SES Lab:SAMPLE_GWAS,GWAS,GWAS,Specimen,N/A,,
efa0652b-f024-4afd-9296-301fd8032c49,,SES Lab:SAMPLE_Aspirate neck tumor,Aspirado de tumoración en cuello,Aspirate neck tumor,Specimen,N/A,,
c63a6cec-d020-48c5-a247-038f5d1a898d,,SES Lab:SAMPLE_Urine for scattered PK,Orina para PK disperso,Urine for scattered PK,Specimen,N/A,,
e4b73665-dd6f-47bd-aee0-a3ec802a5d11,,SES Lab:SAMPLE_Serum Stored,Suero Almacenado,Serum Stored,Specimen,N/A,,
e6d2f3ee-364f-4b04-90ef-198d7a67b959,,SES Lab:SAMPLE_Inguinal aspirate,Aspirado Inguinal,Inguinal aspirate,Specimen,N/A,,
2476c34a-d47e-49ad-8bd6-8d960fd270c9,,SES Lab:SAMPLE_Ganglion biopsy,Biopsia de ganglio,Ganglion biopsy,Specimen,N/A,,
e2ba8b93-4992-4e50-9a51-ba19376376e6,,SES Lab:SAMPLE_Right breast discharge,Secreción de mama derecha,Right breast discharge,Specimen,N/A,,
59a0eed1-596b-4c02-95cf-e101b20d0d8c,,SES Lab:SAMPLE_Purulent discharge from the lumbar spine,Secreción purulente de columna lumbar,Purulent discharge from the lumbar spine,Specimen,N/A,,
7b87b3b9-6f54-4563-91a4-be4b7a693729,,SES Lab:SAMPLE_Lung tissue,Tejido Pulmonar,Lung tissue,Specimen,N/A,,
9d2d8d7b-118a-4be1-9cdd-0f95eb9e6faf,,SES Lab:SAMPLE_Rectal biopsy,Biopsia de recto,Rectal biopsy,Specimen,N/A,,
5964fcf2-efde-4eb8-bf1e-40f40f0e9627,,SES Lab:SAMPLE_Dried blood stain for scattered PK,Mancha de sangre seca para PK disperso,Dried blood stain for scattered PK,Specimen,N/A,,
af82929a-dcc6-43bf-a9df-3728c4195f0d,,SES Lab:SAMPLE_Biomarkers,Biomarkers,Biomarkers,Specimen,N/A,,
b11b73e7-6652-4fc6-8412-efb5d63bb375,,SES Lab:SAMPLE_Plasma for dispersed PK,Plasma para PK disperso,Plasma for dispersed PK,Specimen,N/A,,
27f4b649-2c75-4850-96f3-3a6d06041f33,,SES Lab:SAMPLE_Saliva,Saliva,Saliva,Specimen,N/A,,
b0bb48d8-90db-483f-b3ee-08e972a710c2,,SES Lab:SAMPLE_Left breast discharge,Secreción de mama izquierda,Left breast discharge,Specimen,N/A,,
c3860309-a000-4833-a487-c4fcfa23e5bd,,SES Lab:SAMPLE_Right breast aspirate,Aspirado  de mama derecha,Right breast aspirate,Specimen,N/A,,
475ba7bd-9b68-4cb4-9e69-dfacb6563776,,SES Lab:SAMPLE_Bone marrow aspirate,Aspirado de médula ósea,Bone marrow aspirate,Specimen,N/A,,
a027ef2c-2c5b-4ec3-99e7-52684e01d14b,,SES Lab:SAMPLE_Isolation,Aislamiento,Isolation,Specimen,N/A,,
05fdd575-f2d5-45f4-9519-cadda225c230,,SES Lab:SAMPLE_Nasal swab,Hisopado nasal,Nasal swab,Specimen,N/A,,
2ae49b16-9936-4e74-bbd8-45352af97c97,,SES Lab:N/A,N/A,N / A,Misc,N/A,,
f5918cd4-d87c-446c-881b-1224473675d7,,SES Lab:Collection_set,,6lab collection set,ConvSet,N/A,,
aa6f674a-b527-42f2-9ef4-81af81bd0f50,,SES Lab:COLLECTION_Spontaneous,Espontaneo,Spontaneous,Misc,N/A,,
db76a470-bfc9-4fef-9717-508c397052fa,,SES Lab:COLLECTION_Induced,Inducido,Induced,Misc,N/A,,
147a27de-a8f4-4e78-89e4-3362ee7c883d,,SES Lab:COLLECTION_Gastric contents,Contenido gástrico,Gastric contents,Misc,N/A,,
a9d746c3-16b5-49f2-8959-0bd0e45ffe03,,SES Lab:COLLECTION_Threw up,Vómito,Threw up,Misc,N/A,,
95358e88-7c2b-49b4-b2ac-ff62076b6f41,,SES Lab:COLLECTION_Probe,Sonda,Probe,Misc,N/A,,
8c5b6a01-b8d3-4108-b781-2402c160c696,,SES Lab:COLLECTION_With EDTA,Con EDTA,With EDTA,Misc,N/A,,
b7fb5e52-50c3-4848-bdb0-40408c28aa87,,SES Lab:COLLECTION_Without EDTA,Sin EDTA,Without EDTA,Misc,N/A,,
f8666fe4-cf33-4ba0-aa5a-9d94fe26fe0d,,SES Lab:COLLECTION_DNA,ADN,DNA,Misc,N/A,,
b6121b44-e5b5-4261-84fc-c75a76999628,,SES Lab:COLLECTION_Morning show,Muestra matutina,Morning show,Misc,N/A,,
c66319f7-7b44-4ba3-af1c-4747b9fec596,,SES Lab:COLLECTION_Fasting,Ayunas,Fasting,Misc,N/A,,
3e113446-0c00-42e2-b919-798ad83788f2,,SES Lab:COLLECTION_Washed,Lavado,Washed,Misc,N/A,,
9b231c16-a87e-497b-8dba-0db7d9031f80,,SES Lab:Reactive_set,,6lab reactive set,ConvSet,N/A,,
6d1cec8a-228f-4225-8eeb-3f0e118f2458,,SES Lab:REACTIVE_EDTA,EDTA,EDTA,Misc,N/A,,
4082bb66-01c6-45f5-8274-5a40fb549a71,,SES Lab:REACTIVE_PBS / Sodium hydroxide,PBS/Hidróxido de sodio,PBS / Sodium hydroxide,Misc,N/A,,
43c1b5d3-0442-49db-9f33-9567b32d39af,,SES Lab:REACTIVE_Sodium bicarbonate / Hydrochloric acid,Bicarbonato de sodio/Ácido clorhídrico,Sodium bicarbonate / Hydrochloric acid,Misc,N/A,,
3b968df8-44de-460a-9b62-6c930c90a80c,,SES Lab:REACTIVE_Lithium heparin,Heparina de litio,Lithium heparin,Misc,N/A,,
4b32b686-5d5e-4963-a946-d698e8f561fb,,SES Lab:REACTIVE_Lysis Solution,Solución de Lisis,Lysis Solution,Misc,N/A,,
bd2997c2-1f73-46af-bf28-413bb5746479,,SES Lab:REACTIVE_Fluoride / EDTA,Fluoruro/EDTA,Fluoride / EDTA,Misc,N/A,,
1175cfe5-71df-486c-a9c7-8e5bf52abaf4,,SES Lab:REACTIVE_EDTA K3 anticoagulant,Anticoagulante EDTA K3,EDTA K3 anticoagulant,Misc,N/A,,
4df84c98-6b57-43ee-a30c-5f94ac2b2627,,SES Lab:REACTIVE_Separating gel,Gel separador,Separating gel,Misc,N/A,,
1cc2a373-6d14-4fbf-b47a-177361091ee0,,SES Lab:REACTIVE_Formol,Formol,Formol,Misc,N/A,,
59e20711-1973-4a4c-989c-a556e15c8a48,,SES Lab:REACTIVE_Saline Phosphate Buffer,Buffer Fosfato Salino,Saline Phosphate Buffer,Misc,N/A,,
c49d3a85-9406-4b76-ab17-b90372e06872,,SES Lab:REACTIVE_EDTA K2 anticoagulant,Anticoagulante EDTA K2,EDTA K2 anticoagulant,Misc,N/A,,
0d4fbcde-700d-429e-a3e5-42927a20b5e1,,SES Lab:REACTIVE_Clot activator,Activador de coágulos,Clot activator,Misc,N/A,,
1e843500-d34a-49d3-b591-61369d0162b3,,SES Lab:REACTIVE_PAXgene RNA,PAXgene RNA ,PAXgene RNA,Misc,N/A,,
5ce2c1d5-77a2-4900-ae9f-96017b19e8cd,,SES Lab:REACTIVE_ACD,ACD,ACD,Misc,N/A,,
56c150d1-a44d-4823-af4f-44bce29b65b8,,SES Lab:REACTIVE_UTM,UTM,UTM,Misc,N/A,,
3043ad5f-ddb4-491c-8382-c77baf6573ed,,SES Lab:REACTIVE_Buffer,Buffer,Buffer,Misc,N/A,,
a5f90cfe-b9c4-4b38-8e94-359151259ae3,,SES Lab:REACTIVE_Citrate,Citrato 3.2%,Citrate 3.2%,Misc,N/A,,
a5f0ea6e-900c-4b1d-8dad-0b03c13509d8,,SES Lab:Presentation_set,,6lab Presentation set,ConvSet,N/A,,
04138a00-ddb3-429a-9442-36a9e7233336,,SES Lab:PRESENTATION_Conical Tube,Tubo Cónico,Conical Tube,Medical Supply,N/A,,
8c00af83-a59f-4a7e-875f-9b258dea68de,,SES Lab:PRESENTATION_PrimeStore Tube,Tubo PrimeStore,PrimeStore Tube,Medical Supply,N/A,,
7a0ed93d-87c4-4732-b06f-2f934c19ee3c,,SES Lab:PRESENTATION_Jar,Frasco,Jar,Medical Supply,N/A,,
8d3d888d-f71d-4120-9131-1dd2f85da36f,,SES Lab:PRESENTATION_Tube,Tubo,Tube,Medical Supply,N/A,,
a7d03c4d-0bb5-4496-b7df-df7c2deb8575,,SES Lab:PRESENTATION_Cryovial,Criovial,Cryovial,Medical Supply,N/A,,
4a51ddde-da59-4e86-8b16-ef7d7e7e15a8,,SES Lab:PRESENTATION_Multibarrera Bag (FTA CARD),Bolsa Multibarrera (FTA CARD),Multibarrera Bag (FTA CARD),Medical Supply,N/A,,
71892508-7389-4a83-af3b-e9f8535c8fdf,,SES Lab:PRESENTATION_Conical Flask,Frasco Cónico,Conical Flask,Medical Supply,N/A,,
64f7a0bf-eb46-4c8e-b768-e95e833c8d8c,,SES Lab:PRESENTATION_Lancet,Lanceta,Lancet,Medical Supply,N/A,,
bd921c12-d7ba-40a0-997d-f185c2d4ae09,,SES Lab:PRESENTATION_Storage Tube,Tubo Almacenamiento,Storage Tube,Medical Supply,N/A,,
a5f0ea6e-900c-4b1d-8dad-0b03c13509d8,,SES Lab:Locations_set,,6lab Locations set,ConvSet,N/A,,
b89cd9cf-841d-420d-b757-af743b526782,,SES Lab:locations_EESS,EESS,EESS,Misc,N/A,,
21dc7739-d8de-4784-9bf8-dad97f85b753,,SES Lab:locations_Address,Domicilio,Address,Misc,N/A,,
8eee7f38-b254-49b5-a4a2-1e62bdf02a58,,SES Lab:locations_Research Center,Centro de investigación,Research Center,Misc,N/A,,
c4437a04-8426-43c5-a0d3-5c931f954b85,,SES Lab:locations_Hospital,Hospital,Hospital,Misc,N/A,,
be300a16-c4f1-4ace-b03e-489c2391f4b2,,SES Lab:locations_Mobile / Camper,Movil/Camper,Mobile / Camper,Misc,N/A,,
20cc78e4-85d2-408b-92a5-9cf38cc8a32a,,SES Lab:locations_NHD,NHD,NHD,Misc,N/A,,
7616d5ae-8411-42ae-9286-c5433f4db282,,SES Lab:locations_LAB,LAB,LAB,Misc,N/A,,
dc46bf66-f084-4f8e-bd08-35505ae6c684,,SES Lab:locations_COR,COR,COR,Misc,N/A,,
50b1b18d-0531-49a4-acce-c8d43975910a,,SES Lab:locations_Jesus Maria Military Hospital,Hospital Militar Jesús María,Jesús María Military Hospital,Misc,N/A,,
2036fe14-da89-41b2-91d7-c031ba7ee50b,,SES Lab:locations_Chorrillos Military Polyclinic,Policlínico Militar de Chorrillos,Chorrillos Military Polyclinic,Misc,N/A,,
4696dc02-9ddf-436a-98cb-b38caccce695,,SES Lab:locations_Barracks Fort Hoyos Rubio,Cuartel Fuerte Hoyos Rubio,Barracks Fort Hoyos Rubio,Misc,N/A,,
3d83da56-099d-46cb-8c95-a2a6e6aa9215,,SES Lab:locations_DIRIS Lima North,DIRIS Lima Norte,DIRIS Lima North,Misc,N/A,,
3f71b056-6d44-43e9-88b7-ad227b73c4cb,,SES Lab:locations_IMPACT,IMPACTA,IMPACT,Misc,N/A,,
e2e866ef-e867-44eb-862b-96f0fccce489,,SES Lab:locations_ANGRO LAB,ANGRO LAB,ANGRO LAB,Misc,N/A,,
4dd32b04-4463-4dda-8ebc-7d4405423c57,,SES Lab:locations_Clinic,Clínica,Clinic,Misc,N/A,,
67af7bd9-6437-404d-94a7-d92b86a0c752,,SES Lab:locations_Penitentiary Establishment,Establecimiento Penitenciario,Penitentiary Establishment,Misc,N/A,,
65884da9-957d-4076-9364-b514a262a6fc,,SES Lab:Volumes_set,,6lab Volumes set,ConvSet,N/A,,
b2eaf968-08e9-4bdc-af7c-ba00456ed459,,SES Lab:VOLUMES_001,50,50,Units of Measure,Numeric,,
574894db-f5d7-44da-8216-9c791386a9f3,,SES Lab:VOLUMES_002,100,100,Units of Measure,Numeric,,
244d20d3-f672-425b-b43e-5a3fdb42aea7,,SES Lab:VOLUMES_003,0,0,Units of Measure,Numeric,,
6ceac070-5c36-45a4-9b8a-0d706ca38f42,,SES Lab:VOLUMES_004,4,4,Units of Measure,Numeric,,
7e06e81f-d724-486e-8762-ae22ec81ab22,,SES Lab:VOLUMES_005,10,10,Units of Measure,Numeric,,
f7300dc1-a303-4c54-a365-2109895d7023,,SES Lab:VOLUMES_006,3,3,Units of Measure,Numeric,,
aa41e5f4-a8b2-4243-a3a2-1c5dedafd1d2,,SES Lab:VOLUMES_007,3.5,3.5,Units of Measure,Numeric,,
f9a76f55-b0eb-48cf-a040-9b4ddb7e5a6d,,SES Lab:VOLUMES_008,8.5,8.5,Units of Measure,Numeric,,
e1463bdf-0d4f-402b-a69d-bef10eb2f0fa,,SES Lab:VOLUMES_009,2,2,Units of Measure,Numeric,,
77810078-c4dc-4180-a989-f0534b632297,,SES Lab:VOLUMES_010,6,6,Units of Measure,Numeric,,
ed9fa558-68cb-4a04-b80d-429b5fafc0c1,,SES Lab:VOLUMES_011,9,9,Units of Measure,Numeric,,
54718ca9-f3db-4b41-8914-6646727a70fe,,SES Lab:VOLUMES_012,1,1,Units of Measure,Numeric,,
1756ac3a-2433-40e9-94f1-c80932172099,,SES Lab:VOLUMES_013,5,5,Units of Measure,Numeric,,
a4405f3d-00d3-42c4-972b-44b3126eca57,,SES Lab:VOLUMES_014,2.5,2.5,Units of Measure,Numeric,,
628ab641-3dd1-4827-a60b-7da88d2a8731,,SES Lab:VOLUMES_015,2.7,2.7,Units of Measure,Numeric,,
0b599202-6946-4053-9777-8b9957c0c613,,SES Lab:VOLUMES_016,30,30,Units of Measure,Numeric,,
b459a141-77d4-4382-847e-b328657c2a9a,,SES Lab:VOLUMES_017,15,15,Units of Measure,Numeric,,
8e95c8ef-63d1-4253-8ebc-d962ebcd86c7,,SES Lab:VOLUMES_018,1.25,1.25,Units of Measure,Numeric,,
60c2fcce-0b9a-4b14-be85-5b6b49e2654b,,SES Lab:VOLUMES_019,20,20,Units of Measure,Numeric,,
64cfc77d-2db5-4d69-9c4a-c4869fa87abc,,SES Lab:VOLUMES_020,200,200,Units of Measure,Numeric,,
bf911662-f7fd-4c83-8e6c-fc8d9950e5ca,,SES Lab:Exam_set,,6lab Exam set,ConvSet,N/A,,
76d0d8f5-6a7f-4b6b-b19f-7d47aa806396,,SES Lab:Exam_001,Baciloscopía,,Test,N/A,,
ae72d370-c059-40dd-aec8-19dc9349dabc,,SES Lab:Exam_002,Prueba Rápida de GENOTYPE MTBDRsl v.2.0 (v1.0),,Test,N/A,,
b2254a58-1b8a-4498-8633-8e23ada3d7ce,,SES Lab:Exam_003,Extracción ADN de M. tuberculosis,,Test,N/A,,
c68ef0e3-7b30-420c-9d58-286b06dea5cc,,SES Lab:Exam_004,Prueba de Sensibilidad a drogas Antituberculosas de 2da Línea LEVO (v1.0),,Test,N/A,,
740c0bbe-ab0b-4de5-b8bf-ce8eb69ed044,,SES Lab:Exam_005,Prueba de Sensibilidad a drogas Antituberculosas de 1ra Línea (PZA),,Test,N/A,,
5353102c-7436-4720-972c-b6f206537be9,,SES Lab:Exam_006,PCR IS6110 para Detección de M. tuberculosis,,Test,N/A,,
f2ba1e0c-aef7-45db-8be2-3b6f774f3860,,SES Lab:Exam_007,Prueba de Sensibilidad a drogas Antituberculosas de 1ra Línea (SIRE) (v1.0),,Test,N/A,,
42ea1b63-e502-419a-b4f5-f81a5f16e43c,,SES Lab:Exam_008,GeneXpert MTB/RIF Ultra ,,Test,N/A,,
c476c441-077c-498a-ad43-ead597574ee1,,SES Lab:Exam_009,PCR para diagnóstico de M. tuberculosis,,Test,N/A,,
74e44535-01f4-40c4-be7e-2b3e48e7bfa6,,SES Lab:Exam_010,RT-PCR PARA EN TIEMPO REAL PARA DETECCIÓN DE SARS - CoV.2 (COVID-19),,Test,N/A,,
c9c6683f-eaf6-45ab-9135-705c95299df4,,SES Lab:Exam_011,Prueba Rápida GENOTYPE MTBDR PLUS v. 1.0 - 2da. Línea,,Test,N/A,,
be1046bb-e72b-4b6b-bd7c-c1765c6f6fe8,,SES Lab:Exam_012,Cultivo en Medio Sólido (V 1.1),,Test,N/A,,
9d2c56c0-6109-4c98-98ff-97943da2d315,,SES Lab:Exam_013,Prueba Rápida de GENOTYPE MTBDRsl v. 2.0 (v1.1),,Test,N/A,,
c2c685f5-d2f5-4e9f-8921-7cfc4549eda9,,SES Lab:Exam_014,Cultivo en Medio Líquido (V 1.0),,Test,N/A,,
396e4a06-3f9f-4a32-8f20-97d51db7c293,,SES Lab:Exam_015,Cultivo en Medio Sólido con TCH (v 1.0),,Test,N/A,,
972be104-0866-4daa-9ca3-b4b4fe5cc5ee,,SES Lab:Exam_016,GeneXpert MTB/RIF V2.0,,Test,N/A,,
95ca5fea-592b-4d4e-a427-ab9fc677c946,,SES Lab:Exam_017,GeneXpert MTB/RIF,,Test,N/A,,
f9ef02a5-7d75-414c-ae97-86f27bad6bb9,,SES Lab:Exam_018,Cultivo en Medio Sólido (V 1.0),,Test,N/A,,
0ac00259-2831-4f8c-aba7-24e524f23756,,SES Lab:Exam_019,Prueba de Sensibilidad a drogas Antituberculosas de 2da Línea (v1.2),,Test,N/A,,
85c31be0-c128-489d-ad33-d1cab72c7f24,,SES Lab:Exam_020,Cultivo en Medio Sólido con PNB (v 1.0),,Test,N/A,,
52ad9e0e-955c-4da9-8ba3-e0e4e17a4eee,,SES Lab:Exam_021,Real Time PCR,,Test,N/A,,
2bb49587-4bbb-41b8-b0a7-97aee185b40e,,SES Lab:Exam_022,Prueba Rápida de GENOTYPE MTBDR PLUS v. 2.0 (v1.1),,Test,N/A,,
4c77904b-6f5c-4d1b-85cd-dc9b36abf5ef,,SES Lab:Exam_023,Cultivo en Medio Líquido (V 1.1),,Test,N/A,,
52744205-ef4d-4787-98f2-1e0f01541d17,,SES Lab:Exam_024,Prueba de Sensibilidad a drogas Antituberculosas de 2da Línea LEVO (v1.1),,Test,N/A,,
d60e86f3-edb4-4fb1-b9d2-8ae4209ac7a2,,SES Lab:Exam_025,Prueba de Sensibilidad a drogas Antituberculosas de 2da Línea (v1.1),,Test,N/A,,
cf3df785-554b-4d9f-9d6d-3105fc0f3aeb,,SES Lab:Exam_026,Prueba de Sensibilidad a drogas Antituberculosas de 1ra Línea (PZA) (v1.1),,Test,N/A,,
cc789da4-dd8e-4038-b21c-fd42f275352a,,SES Lab:Exam_027,GeneXpert MTB/RIF Ultra V1.3,,Test,N/A,,
d550aee4-7035-482f-884a-0c80d90e6884,,SES Lab:Exam_028,Prueba de Sensibilidad a drogas Antituberculosas de 2da Línea (v1.0),,Test,N/A,,
06faa992-8ab1-44f5-bee6-6e4a81bdf01d,,SES Lab:Exam_029,Prueba de Sensibilidad a drogas Antituberculosas de 2da Línea (v1.3),,Test,N/A,,
542c241c-c17f-4591-bbb2-7889698b5f34,,SES Lab:Exam_030,Prueba Rápida de GENOTYPE MTBDR PLUS v. 2.0 (v1.0),,Test,N/A,,
0573930f-0769-48b9-bd43-a41dad0d7609,,SES Lab:Exam_031,Prueba de Sensibilidad a drogas Antituberculosas de 1ra Línea (SIRE) (v1.1),,Test,N/A,,
aad8887d-6bab-456b-8253-d12d418cbed8,,SES Lab:Exam_032,Prueba de diagnóstico de infección por MTB Gold,,Test,N/A,,
0d8b08b4-c1da-4797-989b-09c1cce209c3,,SES Lab:Exam_033,Hemograma/Recuento Absoluto,,Test,N/A,,
bb3da88e-3a42-432d-8710-b70346ab07dc,,SES Lab:Exam_034,Molzym MTB DNA Blood,,Test,N/A,,
dd993668-1190-4dd7-b408-635633cd01dd,,SES Lab:Exam_035,Recuento de reticulocitos,,Test,N/A,,
205e7173-365b-4d6a-9aca-e42f5d14f7c0,,SES Lab:Exam_036,Hemograma/Recuento Diferencial,,Test,N/A,,
f7d16ce9-a74c-4908-aac1-064564c300b8,,SES Lab:Exam_037,Prueba rápida HCG,,Test,N/A,,
05bec02a-c6c5-41d9-b6e0-96863a82ec4f,,SES Lab:Exam_038,Hemoglobina Glicosilada,,Test,N/A,,
25ee65ec-0b42-462d-8b1e-84191f1c0059,,SES Lab:Exam_039,Glucosa,,Test,N/A,,
8a5c0602-13f6-4770-84d6-594d219764f4,,SES Lab:Exam_040,Prueba de diagnóstico de infección por MTB Gold Plus,,Test,N/A,,
0ea704b2-d4b4-4400-b119-e026f8ddd48d,,SES Lab:Exam_041,ELISA COVID 19 IgM +IgA,,Test,N/A,,
33dc2d71-6d52-4d39-a781-2ea0be4f0c22,,SES Lab:Exam_042,Hematocrito/Hemoglobina,,Test,N/A,,
721bd31c-e5b2-4d3f-93cc-344d062fc50f,,SES Lab:Exam_043,Prueba rápida HIV,,Test,N/A,,
b0f27ee7-d502-4464-9cbc-e2e69baff9da,,SES Lab:Exam_044,ELISA COVID 19 IgG,,Test,N/A,,
7399b280-13b1-4492-bd55-8c1fca6941c7,,SES Lab:Exam_045,Prueba de diagnóstico de infección por MTB - Quantiferon ACCESS,,Test,N/A,,
8aaa4950-3944-4beb-baed-a711bdc1378e,,SES Lab:Exam_046,PBMC,,Test,N/A,,
fa1a1a95-0f11-47d6-ac2d-b4d151efefdb,,SES Lab:Exam_047,Microsense beads with Qiagen stool mini kit,,Test,N/A,,
bc38b75d-2869-4a26-aa42-3e48df7528d8,,SES Lab:Exam_048,Microsense beads with TruPrep,,Test,N/A,,
a014a7ee-96c8-435d-9e4e-e2ccf08eb46d,,SES Lab:Exam_049,MoBio Power Fecal Kit,,Test,N/A,,
c21d571c-627d-4d66-92af-18311323dff7,,SES Lab:Exam_050,Qiagen stool mini kit,,Test,N/A,,
ad5e4a9f-e4a7-4b10-9d5a-170ceb1ce268,,SES Lab:Exam_051,TruPrep without Microsense beads,,Test,N/A,,
f1e87cdc-2765-489c-8f2a-6a5094d29222,,SES Lab:Exam_052,SARS-CORONAVIRUS-2 (COVID-19),,Test,N/A,,
2eb7c690-3076-40d3-a87f-fc9a9b38aca3,,SES Lab:Exam_053,RT-PCR EN TIEMPO REAL PARA DETECCIÓN DE SARS - CoV.2 (COVID-19),,Test,N/A,,
1d5a2344-d9a6-48f5-9da6-11f4d03fe2af,,SES Lab:Exam_054,Extracción ADN/ARN de M. tuberculosis,,Test,N/A,,
5c268d62-09de-4aa2-b70d-803cfc8c6655,,SES Lab:Exam_055,GeneXpert MTB/RIF Ultra,,Test,N/A,,
c77346d4-94a1-4ef6-a759-5e5bde5709ec,,SES Lab:Exam_056,Cultivo OGAWA,,Test,N/A,,
2e07e34c-5e20-4039-b866-87aee0d9b8d2,,SES Lab:Exam_057,Genotype MTBDRplus,,Test,N/A,,
b77a6cea-51c5-4952-9945-422039d43852,,SES Lab:Exam_058,Orina completa,,Test,N/A,,
fe83e225-7cf0-465d-9786-84b9bba00491,,SES Lab:Exam_059,Prueba Rápida - HIV,,Test,N/A,,
04d7c5e7-c19c-424b-ac30-47044bb501e1,,SES Lab:Exam_060,Prueba de diagnóstico de infección por MTB Gold ELISA,,Test,N/A,,
748039c5-6dcc-49fc-b6cc-495f32dc254e,,SES Lab:Exam_061,Prueba de diagnóstico de infección por MTB Gold Plus ELISA,,Test,N/A,,
71169977-1340-40eb-bce5-782d576fd904,,SES Lab:Exam_062,Albúmina,,Test,N/A,,
07d20dbe-3f08-472b-8d90-f6222a1cb2b5,,SES Lab:Exam_063,Fosfatasa Alcalina,,Test,N/A,,
101d9602-eeea-4efa-870c-517d30d94153,,SES Lab:Exam_064,Transaminasas,,Test,N/A,,
af6f9d27-a34a-4a47-b48a-23df65bfbda8,,SES Lab:Exam_065,Creatinina,,Test,N/A,,
9f31eaab-df1a-423f-93bc-8f5b2f94596b,,SES Lab:Exam_066,Bilirrubina Total y Fracciones,,Test,N/A,,
e0d70d81-ec68-4d8b-a0ce-9108ee554cef,,SES Lab:Exam_067,Úrea,,Test,N/A,,
4c613d98-adf3-4fa9-8921-7fc2ecbf20a2,,SES Lab:Exam_068,Electrolitos,,Test,N/A,,
946de879-e0ac-441b-a2b6-22f4b8b81496,,SES Lab:Exam_069,Prueba de Sensibilidad a drogas Antituberculosas de 2da Línea en Medio 7H10 (v1.0),,Test,N/A,,
5b7b1b68-07ac-4243-9aff-b72ebb67efa7,,SES Lab:Exam_070,Prueba de Sensibilidad a drogas Antituberculosas de 1ra Línea en medio Lowenstein Jensen (SIRE) (v1.0),,Test,N/A,,
40b486bf-e08d-482d-934c-0e95082a1fad,,SES Lab:Exam_071,PCR IS6110 para Deteccion de M. Tuberculosis,,Test,N/A,,
9d6b0934-b517-47cf-b5ff-07a90530fcad,,SES Lab:Exam_072,Prueba de Sensibilidad a drogas Antituberculosas de 1ra Línea en medio Lowenstein Jensen (SIRE) (v1.0) ,,Test,N/A,,
